school code,school sector ,year_range ,Location,language ,type,formatted_address,google_place_id,input_string,latitude,longitude,postcode,type,surburb,name ,phone number ,city council,ICSEA VALUE,TEACHING STAFF,NON-TEACHING STAFF,NOT ENGLISH 2013,NOT ENGLISH 2014,NOT ENGLISH 2015,NOT ENGLISH 2016,NOT ENGLISH 2017,"Prep Males Total""""","Prep Females Total""""","Prep Total""""","Year 1 Males Total""""","Year 1 Females Total""""","Year 1 Total""""","Year 2 Males total""""","Year 2 Females Total""""","Year 2 Total""""","Year 3 Males Total""""","Year 3 Females Total""""","Year 3 Total""""","Year 4 Males Total""""","Year 4 Females Total""""","Year 4 Total""""","Year 5 Males Total""""","Year 5 Females Total""""","Year 5 Total""""","Year 6 Males Total""""","Year 6 Females Total""""","Year 6 Total""""","Primary Total"""""
6212,Government,Prep-6,Major Cities,Chinese (Mandarin),primary ,"Cromwell St & McCutcheon Way, Abbotsford VIC 3067, Australia",ChIJqT0RdOJC1moR7JmfzJfZnN0,"Collingwood College VIC,Australia",-37.80322,144.9900517,3067,"establishment,point_of_interest,school,university",Abbotsford,Collingwood College ,03 9417 6681,Yarra (C),1010,80,29,25%,26%,29%,36%,38%,25,31,56,30,35,65,19,30,49,38,12.6,50.6,37,29,66,22,31,53,36,26,62,402.6
1886,Government,Prep-6,Major Cities,Chinese (Mandarin),primary ,"20 Lithgow St, Abbotsford VIC 3067, Australia",ChIJ_SZbDfxC1moR2FFmYi1nDFQ,"Abbotsford Primary School VIC,Australia",-37.8090158,144.9989435,3067,"establishment,point_of_interest,school",Abbotsford,Abbotsford Primary School ,02 6056 2288,Wodonga (C),1049,13,4,75%,70%,68%,53%,65%,15,16,31,10,17,27,10,10,20,8,14,22,7,10,17,10,5,15,9,10,19,151
3599,Government,Prep-6,Major Cities,Chinese (Mandarin),primary ,"25 Dover St, Albanvale VIC 3021, Australia",ChIJRcHCbmb11moRhuBJNtZrwgM,"Albanvale Primary School VIC,Australia",-37.7444083,144.774297,3021,"establishment,point_of_interest,school",Albanvale,Albanvale Primary School ,03 9367 2197,Brimbank (C),947,23,6,72%,71%,75%,81%,73%,21,18,39,17,15,32,25,22,47,17,15,32,21,19,40,13,15,28,9,24,33,251
4440,Government,Prep-6,Major Cities,Chinese (Mandarin),primary ,"61 - 81 Adelaide St, Albion VIC 3020, Australia",ChIJ-_Lhotdf1moR7x8J_WnXHcM,"Albion Primary School VIC,Australia",-37.7775068,144.8196261,3020,"establishment,point_of_interest,school",Albion,Albion Primary School ,03 9311 1325,Brimbank (C),946,15,10,61%,72%,73%,74%,66%,16,14,30,12,19,31,13,9,22,5,17,22,21,7,28,12,11,23,13,13,26,182
5416,Government,Prep-6,Major Cities,Chinese (Mandarin),primary ,"Yarralea St, Alphington VIC 3078, Australia",ChIJUehQxfVD1moR9sXMjU8syu4,"Alphington Primary School VIC,Australia",-37.7836181,145.032285,3078,"establishment,point_of_interest,school",Alphington,Alphington Primary School ,03 9499 2200,Yarra (C),1185,31,8,18%,18%,17%,17%,17%,31.4,32,63.4,33,30,63,32,40,72,30,28,58,32,31,63,27,28,55,24,28,52,426.4
5301,Government,Prep-6,Major Cities,Chinese (Mandarin),primary ,"Millers Rd & Civic Parade, Altona VIC 3018, Australia",ChIJr1Agbmxh1moRDgeEdTRm-dg,"Seaholme Primary School VIC,Australia",-37.8646752,144.8403946,3018,"establishment,point_of_interest,school",Altona,Seaholme Primary School ,03 9398 2806,Hobsons Bay (C),1064,20,7,21%,24%,30%,30%,29%,16,27,43,29,18,47,36,27,63,20,19,39,26,19,45,17,16,33,17,18,35,305
1026,Government,Prep-6,Major Cities,Chinese (Mandarin),primary ,"103A Grieve Parade, Altona VIC 3018, Australia",ChIJIUsn7yVi1moRojZaEzKlKPI,"Altona P-9 College VIC,Australia",-37.8615691,144.8174433,3018,"establishment,point_of_interest,university",Altona,Altona P-9 College ,03 9250 8050,Hobsons Bay (C),1001,25,15,25%,25%,27%,34%,32%,8,12,20,12,12,24,13,6,19,9,10,19,16,8,24,6,8,14,13,11,24,144
2163,Government,Prep-6,Major Cities,Chinese (Mandarin),primary ,"Densham Rd, Armadale VIC 3143, Australia",ChIJ-z7yRdhp1moRTqODMCfv6e8,"Armadale Primary School VIC,Australia",-37.8521572,145.0168908,3143,"establishment,point_of_interest,school",Armadale,Armadale Primary School ,03 9822 7003,Stonnington (C),1164,24,9,24%,26%,26%,29%,26%,28,28,56,39.4,42,81.4,33,30,63,23,18,41,19,34,53,20,18,38,17,18,35,367.4
3631,Government,Prep-6,Major Cities,Chinese (Mandarin),primary ,"900 Arthurs Creek Rd, Arthurs Creek VIC 3099, Australia",ChIJ8xlPQgvL12oRh-43Q1x5ub8,"Arthurs Creek Primary School VIC,Australia",-37.578921,145.202585,3099,"establishment,point_of_interest,school",Arthurs Creek,Arthurs Creek Primary School ,03 9714 8204,Nillumbik (S),1012,5,2,0%,0%,0%,1%,2%,3,2,5,2,4,6,6,4,10,4,4,8,6,7,13,4,6,10,3,3,6,58
2923,Government,Prep-6,Major Cities,Chinese (Mandarin),primary ,"Parkhill Dr, Ashwood VIC 3147, Australia",ChIJ6fy4vzhA1moRgP8psIx83VM,"Parkhill Primary School VIC,Australia",-37.8631829,145.1066999,3147,"establishment,point_of_interest,school",Ashwood,Parkhill Primary School ,03 9807 2239,Monash (C),1077,21,10,31%,36%,36%,28%,34%,17,18,35,28,18,46,35,26,61,24,17,41,33,15,48,27,19,46,34,20,54,331
5530,Government,Prep-6,Major Cities,Chinese (Mandarin),primary ,"96 Kearney Dr, Aspendale Gardens VIC 3195, Australia",ChIJh21-mGdt1moRFK_MUBqveI8,"Aspendale Gardens Primary School VIC,Australia",-38.0225235,145.1167494,3195,"establishment,point_of_interest,school",Aspendale Gardens,Aspendale Gardens Primary School ,03 9587 0877,Kingston (C),1075,46,21,27%,28%,26%,24%,23%,51,44.2,95.2,53,52,105,48,35,83,61,46,107,57,47.2,104.2,35,36.6,71.6,48,40,88,654
4715,Government,Prep-6,Major Cities,Chinese (Mandarin),primary ,"11 Clarendon St, Avondale Heights VIC 3034, Australia",ChIJpVptPGVe1moR9Oj6I5oQtWI,"Avondale Primary School VIC,Australia",-37.7660469,144.8612346,3034,"establishment,point_of_interest,school",Avondale Heights,Avondale Primary School ,03 9318 1755,Moonee Valley (C),1047,25,17,67%,67%,66%,56%,67%,38,16,54,32,24,56,39,25,64,22,28,50,25,20,45,15,26,41,32,19,51,361
5429,Government,Prep-6,Major Cities,Chinese (Mandarin),primary ,"Balwyn Rd, Balwyn VIC 3103, Australia",ChIJg12DVztB1moRElCKmd8r-pY,"Balwyn Primary School VIC,Australia",-37.8141089,145.0812997,3103,"establishment,point_of_interest,school",Balwyn,Balwyn Primary School ,03 9836 7121,Boroondara (C),1171,43,9,48%,49%,60%,73%,66%,33,40,73,37,42,79,40,41,81,43,38,81,40,35,75,35,25,60,27,34,61,510
3841,Government,Prep-6,Major Cities,Chinese (Mandarin),primary ,"20 Highview Rd, Balwyn North VIC 3104, Australia",ChIJ2e0r4cVG1moRudMTuA3x3eI,"Belle Vue Primary School VIC,Australia",-37.781879,145.079125,3104,"establishment,point_of_interest,school",Balwyn North,Belle Vue Primary School ,03 9859 6123,Boroondara (C),1116,11,4,44%,45%,47%,51%,45%,19,7,26,16,18,34,9,11,20,10,9,19,17,9,26,15,9,24,15,3,18,167
454,Government,Prep-6,Major Cities,Chinese (Mandarin),primary ,"Phyllis St, Bayswater VIC 3153, Australia",ChIJqWgdB4w71moRAV1yEnoUtso,"Bayswater West Primary School VIC,Australia",-37.8493048,145.253015,3153,"establishment,point_of_interest,school",Bayswater,Bayswater West Primary School ,03 9729 3394,Knox (C),1000,17,8,11%,12%,13%,15%,16%,18.4,21,39.4,21,14,35,26,13,39,7,13,20,19,15,34,16,22,38,9,11,20,225.4
3572,Government,Prep-6,Major Cities,Chinese (Mandarin),primary ,"Birch St, Bayswater VIC 3153, Australia",ChIJ5VmHeJA71moR3XG_zgj9g6A,"Bayswater Primary School VIC,Australia",-37.8433137,145.2593459,3153,"establishment,point_of_interest,school",Bayswater,Bayswater Primary School ,03 9721 3755,Knox (C),989,12,6,38%,37%,35%,34%,36%,14,7,21,6,10,16,11,11,22,7,4,11,7.2,7,14.2,6,5,11,4,9,13,108.2
2605,Government,Prep-6,Major Cities,Chinese (Mandarin),primary ,"51 Mt Pleasant Rd, Belmont VIC 3216, Australia",ChIJneZOjoMT1GoRdEVHjVZW1No,"Belmont Primary School VIC,Australia",-38.171071,144.341941,3216,"establishment,point_of_interest,school",Belmont,Belmont Primary School ,03 9529 6611,Port Phillip (C),1078,18,9,11%,8%,4%,6%,7%,21,21,42,23,17,40,23,20,43,17,18,35,18,20,38,21,23,44,23,32,55,297
4851,Government,Prep-6,Major Cities,Chinese (Mandarin),primary ,"16 Tucker Rd, Bentleigh VIC 3204, Australia",ChIJaRl0l-Jr1moRfOaoCrHjf6Q,"Tucker Road Bentleigh Primary School VIC,Australia",-37.9323391,145.0493776,3204,"establishment,point_of_interest,school",Bentleigh,Tucker Road Bentleigh Primary School ,03 9557 2044,Glen Eira (C),1112,36,14,22%,22%,19%,19%,18%,55,48,103,59,35,94,63,32,95,44,51,95,45,40,85,44,38,82,31,24,55,609
1360,Government,Prep-6,Major Cities,Chinese (Mandarin),primary ,"23 Brewer Rd, Bentleigh VIC 3204, Australia",ChIJ1cNNxTdp1moRJBMYyEH7TKs,"Bentleigh West Primary School VIC,Australia",-37.9206464,145.0260813,3204,"establishment,point_of_interest,school",Bentleigh,Bentleigh West Primary School ,03 9557 1228,Glen Eira (C),1133,37,16,20%,18%,20%,23%,21%,38,49,87,35,39,74,36,46,82,45,34,79,42,50,92,42,30,72,63,46,109,595
5087,Government,Prep-6,Major Cities,Chinese (Mandarin),primary ,"71 Arkaringa Cres, Black Rock VIC 3193, Australia",ChIJJZmdC1Bu1moRuCO16KtKAc4,"Black Rock Primary School VIC,Australia",-37.9682695,145.0221239,3193,"establishment,point_of_interest,school",Black Rock,Black Rock Primary School ,03 9598 2293,Bayside (C),1144,40,19,16%,15%,12%,15%,13%,34,47,81,47,46,93,47.2,47,94.2,50,35,85,43,35,78,55,26,81,33,38,71,583.2
5032,Government,Prep-6,Major Cities,Chinese (Mandarin),primary ,"Janet St, Blackburn VIC 3130, Australia",ChIJp1K4gqdA1moRiq7gsyTGqms,"Laburnum Primary School VIC,Australia",-37.8271373,145.1381611,3130,"establishment,point_of_interest,school",Blackburn,Laburnum Primary School ,03 9898 5811,Whitehorse (C),1149,45,13,25%,32%,34%,44%,47%,43,42,85,68,48,116,65,47,112,57,41,98,56,53,109,67,58,125,50,53,103,748
5512,Government,Prep-6,Major Cities,Chinese (Mandarin),primary ,"183 Whitehorse Rd, Blackburn VIC 3130, Australia",ChIJI_S4ZrY41moRVm2SlMgaYXs,"Blackburn Primary School VIC,Australia",-37.8175871,145.1572134,3130,"establishment,point_of_interest,school",Blackburn,Blackburn Primary School ,03 9878 1483,Whitehorse (C),1122,36,11,28%,32%,32%,36%,39%,60,38,98,33.2,34,67.2,28,29,57,49,37,86,32,32,64,40,30,70,38,39,77,519.2
3956,Government,Prep-6,Major Cities,Chinese (Mandarin),primary ,"Florence St, Blackburn VIC 3130, Australia",ChIJn75dmTM_1moR_GEhEQzXudU,"Blackburn Lake Primary School VIC,Australia",-37.8270212,145.1656132,3130,"establishment,point_of_interest,school",Blackburn,Blackburn Lake Primary School ,03 9894 2855,Whitehorse (C),1150,28,8,18%,17%,18%,24%,24%,31,42,73,34,30,64,28,36,64,34,34,68,29,41,70,35,33,68,29,22,51,458
4991,Government,Prep-6,Major Cities,Chinese (Mandarin),primary ,"70-86 Junction Rd, Blackburn North VIC 3130, Australia",ChIJwf-XT8I41moRdiNG5FptvDM,"Whitehorse Primary School VIC,Australia",-37.807888,145.1672033,3130,"establishment,point_of_interest,school",Blackburn North,Whitehorse Primary School ,03 9878 9339,Whitehorse (C),1106,22,10,35%,30%,29%,28%,30%,37,27,64,33,35,68,30,30,60,25,32,57,25,23,48,17,25,42,9,13,22,361
197,Government,Prep-6,Major Cities,Chinese (Mandarin),primary ,"Koonung Rd, Blackburn North VIC 3130, Australia",ChIJtyoDE7w41moRfkBYCcZ9D0A,"Old Orchard Primary School VIC,Australia",-37.8071033,145.1524709,3130,"establishment,point_of_interest,school",Blackburn North,Old Orchard Primary School ,03 9877 7899,Whitehorse (C),1117,32,15,25%,26%,30%,31%,33%,29,31,60,48,32,80,45,33,78,33,38,71,33,40,73,42,25,67,43,35,78,507
5454,Government,Prep-6,Major Cities,Chinese (Mandarin),primary ,"39 Darwin Rd, Boronia VIC 3155, Australia",ChIJvSKSFXE81moRAxMZSN7jPs0,"Knox Central Primary School VIC,Australia",-37.8610986,145.2545809,3155,"establishment,point_of_interest,school",Boronia,Knox Central Primary School ,03 9801 3289,Knox (C),1001,8,6,13%,15%,20%,22%,24%,7,6,13,11,9,20,9,4,13,10,6,16,6,10,16,6,7,13,7,15,22,113
5019,Government,Prep-6,Major Cities,Chinese (Mandarin),primary ,"56 Brunswick Rd, Brunswick East VIC 3057, Australia",ChIJm_K6HThD1moRSQnCyTDUTgw,"Brunswick South Primary School VIC,Australia",-37.7786545,144.972978,3057,"establishment,point_of_interest,school",Brunswick East,Brunswick South Primary School ,03 9380 1231,Moreland (C),1140,24,12,40%,36%,27%,28%,28%,25,27,52,28.8,25,53.8,30,21,51,28,23.8,51.8,23,25,48,28,13,41,9.6,18.8,28.4,326
4813,Government,Prep-6,Major Cities,Chinese (Mandarin),primary ,"195A Stewart St, Brunswick East VIC 3057, Australia",ChIJAbWm5V5D1moRtYeCIXCnx5U,"Brunswick East Primary School VIC,Australia",-37.7648834,144.9795988,3057,"establishment,point_of_interest,school",Brunswick East,Brunswick East Primary School ,03 9387 3361,Moreland (C),1157,35,15,19%,16%,14%,16%,15%,32,30,62,42,26,68,28,32,60,22,36,58,46,16,62,47,37,84,27,29,56,450
4961,Government,Prep-6,Major Cities,Chinese (Mandarin),primary ,"South Daly Street, Brunswick West VIC 3055, Australia",ChIJP-cs38Bc1moRutEXxcWKPhQ,"Brunswick South West Primary School VIC,Australia",-37.770618,144.943472,3055,"establishment,point_of_interest,school",Brunswick West,Brunswick South West Primary School ,03 9387 6886,Moreland (C),1160,29,6,26%,32%,34%,29%,34%,40,33,73,29,32,61,36,26,62,34,31,65,22,24,46,17,32,49,15,15,30,386
5212,Government,Prep-6,Major Cities,Chinese (Mandarin),primary ,"Pearson St, Brunswick West VIC 3055, Australia",ChIJ2Rw-Ca9c1moReDM4iJkWvPs,"Brunswick North Primary School VIC,Australia",-37.759786,144.9505763,3055,"establishment,point_of_interest,school",Brunswick West,Brunswick North Primary School ,03 9383 1400,Moreland (C),1149,32,11,31%,26%,27%,20%,23%,49,39,88,52,43,95,45.6,33,78.6,37,48,85,47,41,88,24,35,59,37,29,66,559.6
4015,Government,Prep-6,Major Cities,Chinese (Mandarin),primary ,"225 Warrigal Rd, Burwood VIC 3125, Australia",ChIJkfsrolNA1moRv4DiSfM8xP0,"Wattle Park Primary School VIC,Australia",-37.8426999,145.0981243,3125,"establishment,point_of_interest,school",Burwood,Wattle Park Primary School ,03 9808 2165,Whitehorse (C),1146,29,13,30%,33%,34%,30%,36%,33,30,63,27,32,59,21,31,52,23,21,44,26,30,56,34,32,66,29,21,50,390
4906,Government,Prep-6,Major Cities,Chinese (Mandarin),primary ,"Corner Blackburn and Highbury Road, Burwood East VIC 3151, Australia",ChIJxYeBAp0_1moRXUXZ0hfvLFM,"Burwood East Primary School VIC,Australia",-37.8582842,145.1513393,3151,"establishment,point_of_interest,school",Burwood East,Burwood East Primary School ,03 9802 8618,Whitehorse (C),1142,18,7,39%,43%,52%,61%,77%,29,34,63,16,15,31,10,17,27,12,15,27,16,20,36,18,25,43,15,9,24,251
1490,Government,Prep-6,Major Cities,Chinese (Mandarin),primary ,"49 Carmody Dr, Cairnlea VIC 3023, Australia",ChIJR90VAfdf1moRZTX74diMKhU,"Cairnlea Park Primary School VIC,Australia",-37.7590617,144.7881398,3023,"establishment,point_of_interest,school",Cairnlea,Cairnlea Park Primary School ,03 9363 1187,Brimbank (C),1011,70,18,79%,86%,78%,64%,78%,59,58,117,70,63,133,66,66,132,62,56,118,62,69,131,83,53,136,63,49,112,879
250,Government,Prep-6,Major Cities,Chinese (Mandarin),primary ,"Milverton St, Camberwell VIC 3124, Australia",ChIJF1xb3LBB1moRA7tSficgF4M,"Hartwell Primary School VIC,Australia",-37.8478498,145.084312,3124,"establishment,point_of_interest,school",Camberwell,Hartwell Primary School ,03 9889 4012,Boroondara (C),1187,49,10,13%,18%,22%,21%,27%,46,56,102,57,39,96,52,59,111,43,57,100,62,48,110,40,56,96,48,40,88,703
1912,Government,Prep-6,Major Cities,Chinese (Mandarin),primary ,"Laurel Cres, Campbellfield VIC 3061, Australia",ChIJG0uI4fxP1moR2wKrk9N6xy0,"Campbellfield Heights Primary School VIC,Australia",-37.6750029,144.9660813,3061,"establishment,point_of_interest,school",Campbellfield,Campbellfield Heights Primary School ,03 9359 5502,Hume (C),900,18,16,98%,96%,93%,77%,90%,15,17,32,12,14,26,14,16,30,17,8,25,16,22,38,15,17,32,15,10,25,208
4881,Government,Prep-6,Major Cities,Chinese (Mandarin),primary ,"Molesworth St, Canterbury VIC 3126, Australia",ChIJGUEdGwZB1moRedv2sM3wc3Y,"Canterbury Primary School VIC,Australia",-37.8312148,145.0841725,3126,"establishment,point_of_interest,school",Canterbury,Canterbury Primary School ,03 9836 4537,Boroondara (C),1192,43,12,19%,23%,23%,21%,28%,46,38,84,43,41,84,50,38,88,43,43,86,37,33,70,44,39,83,54,51,105,600
4986,Government,Prep-6,Major Cities,Chinese (Mandarin),primary ,"215 Rathdowne St, Carlton VIC 3053, Australia",ChIJR-hV1ClD1moRmdsU2BEjDjw,"Carlton Gardens Primary School VIC,Australia",-37.8019437,144.9693606,3053,"establishment,point_of_interest,school",Carlton,Carlton Gardens Primary School ,03 9663 6502,Melbourne (C),1137,32,3,65%,70%,77%,86%,77%,37,22,59,29,27,56,32,35,67,31,22,53,27,29,56,19,22,41,11,19,30,362
5010,Government,Prep-6,Major Cities,Chinese (Mandarin),primary ,"60 Lee St, Carlton North VIC 3054, Australia",ChIJJflo9SVD1moRBjMlnr3ali4,"Carlton North Primary School VIC,Australia",-37.791086,144.9729091,3054,"establishment,point_of_interest,school",Carlton North,Carlton North Primary School ,03 5433 2057,Greater Bendigo (C),1140,18,9,35%,31%,32%,36%,34%,22,25,47,30,16,46,24,13,37,17,31,48,20,21,41,16,25,41,21,9,30,290
5425,Government,Prep-6,Major Cities,Chinese (Mandarin),primary ,"Bundeera Rd, Caulfield South VIC 3162, Australia",ChIJDatuPHRp1moRLxBRtxWuRBE,"Caulfield South Primary School VIC,Australia",-37.8956385,145.0303474,3162,"establishment,point_of_interest,school",Caulfield South,Caulfield South Primary School ,03 9578 3718,Glen Eira (C),1159,34,10,32%,33%,31%,29%,36%,44,37,81,36.6,40,76.6,45,43,88,29,27,56,36,27,63,42,35,77,35,26,61,502.6
4183,Government,Prep-6,Major Cities,Chinese (Mandarin),primary ,"77-79 Argus St, Cheltenham VIC 3192, Australia",ChIJyYnt8RVs1moRoNAGIXcX_KQ,"Le Page Primary School VIC,Australia",-37.9591998,145.0683929,3192,"establishment,point_of_interest,school",Cheltenham,Le Page Primary School ,03 9583 8342,Kingston (C),1031,2,5,40%,42%,51%,42%,49%,2,5,7,3,1,4,3,4,7,1,3,4,3,3,6,1,2.2,3.2,0,3,3,34.2
4176,Government,Prep-6,Major Cities,Chinese (Mandarin),primary ,"25 Farm Rd, Cheltenham VIC 3192, Australia",ChIJ2afXrmls1moRlc2-xdcS93c,"Kingston Heath Primary School VIC,Australia",-37.9624643,145.0791327,3192,"establishment,point_of_interest,school",Cheltenham,Kingston Heath Primary School ,03 9584 5805,Kingston (C),1091,20,6,27%,31%,35%,38%,40%,14,31,45,20,30,50,18,21,39,22,15,37,19,16,35,27,22,49,17,18,35,290
4386,Government,Prep-6,Major Cities,Chinese (Mandarin),primary ,"44 Silver St, Cheltenham VIC 3192, Australia",ChIJ70ZqUTls1moRbfReewOg_T8,"Cheltenham East Primary School VIC,Australia",-37.965193,145.068198,3192,"establishment,point_of_interest,school",Cheltenham,Cheltenham East Primary School ,03 9583 5746,Kingston (C),1090,32,6,28%,32%,30%,27%,38%,36,27,63,34,24,58,44,27,71,31,24,55,38,25,63,33,34,67,36,28,64,441
5533,Government,Prep-6,Major Cities,Chinese (Mandarin),primary ,"22 Fairbank Rd, Clayton South VIC 3169, Australia",ChIJkWv6sDdr1moR_dMNnxbR09I,"Westall Primary School VIC,Australia",-37.941888,145.1365293,3169,"establishment,point_of_interest,school",Clayton South,Westall Primary School ,03 9546 8964,Kingston (C),961,21,8,78%,71%,77%,66%,81%,17,11,28,19,14,33,23,9,32,15,17,32,15,21,36,9,22,31,13,12,25,217
4845,Government,Prep-6,Major Cities,Chinese (Mandarin),primary ,"193 Spensley St, Clifton Hill VIC 3068, Australia",ChIJQYkic3VD1moR6fG4_58JKDQ,"Spensley Street Primary School VIC,Australia",-37.7867925,145.0035893,3068,"establishment,point_of_interest,school",Clifton Hill,Spensley Street Primary School ,03 9481 4666,Yarra (C),1159,27,13,11%,10%,9%,9%,7%,36,12,48,29,22,51,26,21,47,34,30,64,20,33,53,26,28,54,18,29,47,364
4990,Government,Prep-6,Major Cities,Chinese (Mandarin),primary ,"185 Gold St, Clifton Hill VIC 3068, Australia",ChIJA8FptxBD1moRoqwwX-tV_qI,"Clifton Hill Primary School VIC,Australia",-37.792509,144.989352,3068,"establishment,point_of_interest,school",Clifton Hill,Clifton Hill Primary School ,03 9489 8333,Yarra (C),1201,51,14,17%,19%,22%,18%,22%,53,60,113,56,50,106,66,70,136,45,51,96,45,52,97,54,46,100,55,49,104,752
5426,Government,Prep-6,Major Cities,Chinese (Mandarin),primary ,"180 O'Hea Street, Coburg VIC 3058, Australia",ChIJpR6xbPEXKWsRNjbJoukBnCU,"Coburg North Primary School VIC,Australia",-37.7357364,144.951892,3058,"establishment,point_of_interest,school",Coburg,Coburg North Primary School ,03 9354 1660,Moreland (C),1129,29,14,49%,38%,33%,30%,30%,57,51,108,33,46,79,32,40,72,30,21,51,14,25,39,15,18,33,24,8,32,414
8890,Government,Prep-6,Major Cities,Chinese (Mandarin),primary ,"102 Hothlyn Dr, Craigieburn VIC 3064, Australia",ChIJvTwXX5JR1moRva56vaxB_sY,"Craigieburn South Primary School VIC,Australia",-37.6083982,144.9357328,3064,"establishment,point_of_interest,school",Craigieburn,Craigieburn South Primary School ,03 9308 3133,Hume (C),978,40,26,50%,51%,52%,49%,54%,59,39,98,46,53,99,51,38,89,44,46,90,60,41,101,55.9,41,96.9,57,53,110,683.9
2586,Government,Prep-6,Major Cities,Chinese (Mandarin),primary ,"87-91 Grand Blvd, Craigieburn VIC 3064, Australia",ChIJ_dFR7ztS1moRV5Sz9CRDTdc,"Craigieburn Primary School VIC,Australia",-37.5827885,144.9336305,3064,"establishment,point_of_interest,school",Craigieburn,Craigieburn Primary School ,03 9308 1228,Hume (C),978,40,26,50%,48%,52%,45%,54%,63,51,114,55,59,114,60,53,113,45,42,87,42,54,96,48.4,40,88.4,50,41,91,703.4
4638,Government,Prep-6,Major Cities,Chinese (Mandarin),primary ,"32 Birdwood Ave, Dandenong VIC 3175, Australia",ChIJ483Jm3MU1moRPK37os5eid0,"Dandenong West Primary School VIC,Australia",-37.98087,145.200567,3175,"establishment,point_of_interest,school",Dandenong,Dandenong West Primary School ,03 9792 2868,Greater Dandenong (C),928,30,18,93%,102%,93%,94%,92%,23,28,51,26,17,43,23,17,40,19.4,16,35.4,22,17,39,27,21,48,29,21,50,306.4
2948,Government,Prep-6,Major Cities,Chinese (Mandarin),primary ,"Murray Rd, Dandenong North VIC 3175, Australia",ChIJS_07qtoV1moRqa6YnkZaXnM,"Rosewood Downs Primary School VIC,Australia",-37.9438842,145.2139572,3175,"establishment,point_of_interest,school",Dandenong North,Rosewood Downs Primary School ,03 9795 3744,Greater Dandenong (C),1015,22,7,53%,58%,58%,51%,63%,28,22,50,17,19,36,20,21,41,29,23,52,19,20,39,29,21,50,28,20,48,316
5241,Government,Prep-6,Major Cities,Chinese (Mandarin),primary ,"Quinn St, Deer Park VIC 3023, Australia",ChIJVb-T_beK1moRQeoNDAQ_3Pg,"Deer Park West Primary School VIC,Australia",-37.7715415,144.764684,3023,"establishment,point_of_interest,school",Deer Park,Deer Park West Primary School ,03 9363 3519,Brimbank (C),944,33,11,68%,66%,67%,55%,70%,35,37.2,72.2,36,40,76,36,34,70,33,23.2,56.2,34,25,59,33.2,22,55.2,27,34,61,449.6
4937,Government,Prep-6,Major Cities,Chinese (Mandarin),primary ,"29 ????? 35 Goldsmith Ave, Delahey VIC 3037, Australia",ChIJVVVV8Y711moRlRkKxK72-1A,"Mackellar Primary School VIC,Australia",-37.7173406,144.7775514,3037,"establishment,point_of_interest,school",Delahey,Mackellar Primary School ,03 9364 0200,Brimbank (C),968,38,37,82%,75%,75%,60%,69%,44,25,69,24,27,51,41,22,63,24,14,38,40,32,72,28,31,59,35,27,62,414
5059,Government,Prep-6,Major Cities,Chinese (Mandarin),primary ,"40 Lennon Pkwy, Derrimut VIC 3030, Australia",ChIJt2bY25KK1moRjT0JEGnjheQ,"Derrimut Primary School VIC,Australia",-37.789403,144.7640861,3030,"establishment,point_of_interest,school",Derrimut,Derrimut Primary School ,03 8361 1000,Brimbank (C),998,56,9,76%,74%,70%,85%,76%,71,64,135,54.2,46,100.2,56,54,110,51,61,112,56,58,114,59,52,111,49,48,97,779.2
5011,Government,Prep-6,Major Cities,Chinese (Mandarin),primary ,"17 Clyde St, Diamond Creek VIC 3089, Australia",ChIJCeNgOAg21moRD2aQ2TPr3N0,"Diamond Creek Primary School VIC,Australia",-37.6717638,145.1519697,3089,"establishment,point_of_interest,school",Diamond Creek,Diamond Creek Primary School ,03 9731 9555,Hobsons Bay (C),1073,15,7,4%,4%,3%,4%,4%,21,18,39,23,14,37,16,11,27,17,15,32,14,15,29,18,12,30,14,12,26,220
2172,Government,Prep-6,Major Cities,Chinese (Mandarin),primary ,"Old Don Rd, Don Valley VIC 3139, Australia",ChIJ31gGTWfTKWsRc2fSI7Hv9O4,"Don Valley Primary School VIC,Australia",-37.7604822,145.5872718,3139,"establishment,point_of_interest,school",Don Valley,Don Valley Primary School ,03 5967 3321,Yarra Ranges (S),990,5,4,0%,2%,3%,5%,9%,2,3,5,6,3,9,2,0,2,3,2,5,7,1,8,3,0,3,3,0,3,35
5427,Government,Prep-6,Major Cities,Chinese (Mandarin),primary ,"8-26 Heyington Ave, Doncaster VIC 3108, Australia",ChIJV2WmNT9H1moR_A3U0xTqRRE,"Birralee Primary School VIC,Australia",-37.7932458,145.1132906,3108,"establishment,point_of_interest,school",Doncaster,Birralee Primary School ,03 9848 4996,Manningham (C),1150,26,14,32%,35%,36%,37%,47%,45,35,80,41.8,50,91.8,47,30,77,31.2,13,44.2,21.2,17,38.2,21,23,44,11,20,31,406.2
5120,Government,Prep-6,Major Cities,Chinese (Mandarin),primary ,"2-12 Council Street, VIC 3108, Australia",ChIJ7S9q_GRH1moRUSnE-MpXddU,"Doncaster Primary School VIC,Australia",-37.7867452,145.1295735,3108,"establishment,point_of_interest,school",Doncaster,Doncaster Primary School ,03 9848 1122,Manningham (C),1099,32,10,52%,49%,56%,68%,62%,33,31,64,39,28,67,35,36,71,39,33,72,52,57,109,32,37,69,36,43,79,531
5168,Government,Prep-6,Major Cities,Chinese (Mandarin),primary ,"20 Sandhurst Ave, Doncaster East VIC 3109, Australia",ChIJ2yApWn041moRjVgREqx62jM,"Doncaster Gardens Primary School VIC,Australia",-37.782157,145.1480785,3109,"establishment,point_of_interest,school",Doncaster East,Doncaster Gardens Primary School ,03 9848 5282,Manningham (C),1150,45,13,73%,72%,74%,84%,81%,50,43,93,57,43,100,49,51,100,53,40,93,62,50,112,50,25,75,53,46,99,672
4985,Government,Prep-6,Major Cities,Chinese (Mandarin),primary ,"Colchester Dr, Doncaster East VIC 3109, Australia",ChIJ48EN8fU41moR9DoiC2cHm5I,"Donburn Primary School VIC,Australia",-37.7876683,145.166216,3109,"establishment,point_of_interest,school",Doncaster East,Donburn Primary School ,03 9841 8099,Manningham (C),1116,27,19,28%,38%,42%,49%,56%,32,18,50,19,26,45,32,29,61,37,21,58,47,27,74,27,24,51,38,44,82,421
3139,Government,Prep-6,Major Cities,Chinese (Mandarin),primary ,"2 Cassowary St, Doncaster East VIC 3109, Australia",ChIJdcWwyJI41moR0ePmhQfhEco,"Beverley Hills Primary School VIC,Australia",-37.796566,145.1596124,3109,"establishment,point_of_interest,school",Doncaster East,Beverley Hills Primary School ,03 9842 1428,Manningham (C),1147,30,11,70%,71%,82%,94%,89%,35,26,61,36,42,78,36,37,73,33,36,69,38,30,68,22,29,51,29,19,48,448
5113,Government,Prep-6,Major Cities,Chinese (Mandarin),primary ,"Elata St, Donvale VIC 3111, Australia",ChIJNUy6HeU41moRXVjXTl02_kA,"Donvale Primary School VIC,Australia",-37.8005095,145.1744664,3111,"establishment,point_of_interest,school",Donvale,Donvale Primary School ,03 9842 3373,Manningham (C),1089,21,8,31%,32%,27%,33%,32%,21,15,36,20,16,36,21,26,47,21,19,40,19,9,28,19,20,39,13,10,23,249
5196,Government,Prep-6,Major Cities,Chinese (Mandarin),primary ,"96 Landscape Dr, East Doncaster VIC 3109, Australia",ChIJ10iGfkg41moRULo5O6T0O5k,"Milgate Primary School VIC,Australia",-37.7740433,145.1755662,3109,"establishment,point_of_interest,school",East Doncaster,Milgate Primary School ,03 9842 7744,Manningham (C),1125,38,21,42%,43%,50%,61%,56%,52,44,96,46,62,108,46,42,88,41,38,79,58,39,97,37,28,65,46,38,84,617
5234,Government,Prep-6,Major Cities,Chinese (Mandarin),primary ,"31-45 Calendonia Dr, Eltham North VIC 3095, Australia",ChIJD2EQJSc21moRYpxYFJma_k4,"Glen Katherine Primary School VIC,Australia",-37.68982,145.1397426,3095,"establishment,point_of_interest,school",Eltham North,Glen Katherine Primary School ,03 9431 1599,Banyule (C),1080,37,18,4%,8%,11%,10%,13%,45,37,82,44,39,83,40,26,66,37,46,83,38,54,92,32,47,79,43.2,43,86.2,571.2
5094,Government,Prep-6,Major Cities,Chinese (Mandarin),primary ,"Wattletree Rd, Eltham North VIC 3095, Australia",ChIJT6u-WjA21moRLubAB43Dz9g,"Eltham North Primary School VIC,Australia",-37.699984,145.150755,3095,"establishment,point_of_interest,school",Eltham North,Eltham North Primary School ,03 9439 9639,Nillumbik (S),1110,44,17,10%,8%,7%,7%,7%,47,37,84,50,39,89,38,47,85,50,32,82,38,47,85,46,43,89,55,27,82,596
5176,Government,Prep-6,Major Cities,Chinese (Mandarin),primary ,"112 Keilor Rd, Essendon North VIC 3041, Australia",ChIJ9d7sKXdc1moRkVgHN05SZTY,"Essendon North Primary School VIC,Australia",-37.7401326,144.9037266,3041,"establishment,point_of_interest,school",Essendon North,Essendon North Primary School ,03 9379 3979,Moonee Valley (C),1097,41,16,27%,35%,40%,48%,49%,38,55,93,54,56,110,45,45,90,42,52,94,58,45,103,55,42,97,34.2,43,77.2,664.2
5038,Government,Prep-6,Major Cities,Chinese (Mandarin),primary ,"111 Anderson Rd, Fawkner VIC 3060, Australia",ChIJw4nl_ktF1moRs69NAJYCDNE,"Moomba Park Primary School VIC,Australia",-37.6959891,144.9666171,3060,"establishment,point_of_interest,school",Fawkner,Moomba Park Primary School ,03 9359 2028,Moreland (C),966,22,5,70%,72%,72%,62%,73%,23,24,47,28,14,42,31,17,48,20,14,34,17,10,27,22,14,36,16,7,23,257
4705,Government,Prep-6,Major Cities,Chinese (Mandarin),primary ,"40 Lorne St, Fawkner VIC 3060, Australia",ChIJ6Wc23y5F1moR1sLJAj1VIIA,"Fawkner Primary School VIC,Australia",-37.7149987,144.9742368,3060,"establishment,point_of_interest,school",Fawkner,Fawkner Primary School ,03 9357 3579,Moreland (C),969,18,8,89%,89%,82%,84%,85%,27,20,47,22,20,42,15,20,35,16,17,33,15,5,20,11.6,12,23.6,8,14,22,222.6
8783,Government,Prep-6,Major Cities,Hindi,primary ,"Manuka Dr, Ferntree Gully VIC 3156, Australia",ChIJi9eWgmQ81moRM7NdTde3kcw,"Fairhills Primary School VIC,Australia",-37.8695063,145.2645426,3156,"establishment,point_of_interest,school",Ferntree Gully,Fairhills Primary School ,03 9758 3007,Knox (C),980,10,5,10%,12%,16%,15%,15%,4,6,10,11,11,22,8.2,11,19.2,9,13,22,9.2,8,17.2,9.2,9,18.2,13,11,24,132.6
5179,Government,Prep-6,Major Cities,Italian,primary ,"Fergie St, Fitzroy North VIC 3068, Australia",ChIJV1U1PxVD1moR7WXiJgjz_38,"Fitzroy North Primary School VIC,Australia",-37.785165,144.983997,3068,"establishment,point_of_interest,school",Fitzroy North,Fitzroy North Primary School ,03 9834 0000,Whitehorse (C),1075,61,24,51%,50%,45%,37%,36%,43,31,74,26,35,61,44.2,28,72.2,46,47,93,35,41,76,46,36.4,82.4,37,34,71,529.6
4265,Government,Prep-6,Major Cities,Italian,primary ,"Mt Alexander Rd & Padman Ln, Flemington VIC 3031, Australia",ChIJreCX0-Nc1moRdNY8sjTHs1s,"Flemington Primary School VIC,Australia",-37.7806295,144.9341068,3031,"establishment,point_of_interest,school",Flemington,Flemington Primary School ,03 9596 6099,Bayside (C),1100,34,10,50%,57%,58%,45%,55%,24,25,49,24,29,53,36,37,73,38,27,65,39,28,67,28,24,52,36,18,54,413
8857,Government,Prep-6,Major Cities,Italian,primary ,"10 Hyde St, Footscray VIC 3011, Australia",ChIJE8D83otd1moRkHB_ptvQb_w,"Footscray City Primary School VIC,Australia",-37.806008,144.899408,3011,"establishment,point_of_interest,school",Footscray,Footscray City Primary School ,03 9687 2826,Maribyrnong (C),1115,24,9,46%,42%,33%,39%,32%,41,36,77,49,39,88,37,27,64,22,22,44,15,19,34,17,13,30,12,16,28,365
2634,Government,Prep-6,Major Cities,Italian,primary ,"38/54 Jolimont Rd, Forest Hill VIC 3131, Australia",ChIJrfW1XiE_1moRmARky7wPMds,"Parkmore Primary School VIC,Australia",-37.8439445,145.1769468,3131,"establishment,point_of_interest,school",Forest Hill,Parkmore Primary School ,03 9878 5556,Whitehorse (C),1065,9,4,54%,49%,42%,45%,42%,11,13,24,7,9,16,9,9,18,10,7,17,11.4,6,17.4,9,8,17,9,13,22,131.4
1666,Government,Prep-6,Major Cities,Italian,primary ,"10 Kalmia St, Frankston VIC 3199, Australia",ChIJ2Yu-QNAK1moRAelCq9rKRmE,"Frankston Heights Primary School VIC,Australia",-38.1620052,145.1466011,3199,"establishment,point_of_interest,school",Frankston,Frankston Heights Primary School ,03 9783 4988,Frankston (C),1014,18,7,15%,11%,9%,11%,11%,38,14,52,25,19,44,20,12,32,29,19,48,15,27,42,21,23,44,12,13,25,287
4812,Government,Prep-6,Major Cities,Italian,primary ,"217 Carrick Dr, Gladstone Park VIC 3043, Australia",ChIJuSi_D0pa1moRvRzi3K1MbR8,"Gladstone Views Primary School VIC,Australia",-37.6889726,144.8981962,3043,"establishment,point_of_interest,school",Gladstone Park,Gladstone Views Primary School ,03 9338 6083,Hume (C),1009,26,14,35%,41%,43%,36%,40%,32,40,72,34,28,62,25,31,56,30,29,59,31,30,61,22,19,41,25,22,47,398
4733,Government,Prep-6,Major Cities,Italian,primary ,"217 Carrick Dr, Gladstone Park VIC 3043, Australia",ChIJuSi_D0pa1moRvRzi3K1MbR8,"Gladstone Park Primary School VIC,Australia",-37.6889726,144.8981962,3043,"establishment,point_of_interest,school",Gladstone Park,Gladstone Park Primary School ,03 9338 2774,Hume (C),998,31,15,65%,70%,65%,75%,67%,26,35,61,26,25,51,30,23.6,53.6,36,30,66,42,34,76,35,33,68,48,36,84,459.6
5039,Government,Prep-6,Major Cities,Italian,primary ,"33 Ashton St, Glen Waverley VIC 3150, Australia",ChIJI3D8yKk_1moRmu290g_eqCE,"Highvale Primary School VIC,Australia",-37.8663939,145.1739544,3150,"establishment,point_of_interest,school",Glen Waverley,Highvale Primary School ,03 9887 8000,Monash (C),1136,23,7,57%,58%,63%,73%,68%,20,18,38,25,21,46,20,26,46,22,22,44,20,12,32,23,21,44,13,22,35,285
26,Government,Prep-6,Major Cities,Italian,primary ,"55 Nottingham St, Glen Waverley VIC 3150, Australia",ChIJ2RtwQpc_1moRFQX_uINk4Wc,"Glendal Primary School VIC,Australia",-37.8663076,145.1591795,3150,"establishment,point_of_interest,school",Glen Waverley,Glendal Primary School ,03 9803 1330,Monash (C),1162,55,13,84%,92%,86%,97%,87%,52,38,90,46,49,95,60,45,105,79,81,160,88,89,177,67,62,129,63,49,112,868
4687,Government,Prep-6,Major Cities,Italian,primary ,"774 High St Rd, Glen Waverley VIC 3150, Australia",ChIJx5gE_ro_1moR8BQANidfzio,"Glen Waverley Primary School VIC,Australia",-37.8745789,145.1675315,3150,"establishment,point_of_interest,school",Glen Waverley,Glen Waverley Primary School ,03 9802 9938,Monash (C),1142,55,14,87%,94%,91%,101%,92%,55,53,108,69,45,114,56,66,122,69,42,111,71,64,135,67,45,112,75,70,145,847
4318,Government,Prep-6,Major Cities,Italian,primary ,"Morell St, Glenroy VIC 3046, Australia",ChIJO6Xu8sJa1moRVwrApsh8rtg,"Belle Vue Park Primary School VIC,Australia",-37.7007933,144.9426261,3046,"establishment,point_of_interest,school",Glenroy,Belle Vue Park Primary School ,03 9306 7900,Moreland (C),936,12,8,83%,86%,73%,78%,74%,8,14,22,14,6,20,9,9,18,12,4,16,17,7,24,12,16,28,10,6,16,144
4863,Government,Prep-6,Major Cities,Italian,primary ,"3089, 29 Mine St, Greensborough VIC 3088, Australia",ChIJfaDZTMpJ1moRRbLBlPl6Sp8,"Greenhills Primary School VIC,Australia",-37.6919358,145.1182435,3088,"establishment,point_of_interest,school",Greensborough,Greenhills Primary School ,03 9435 4181,Banyule (C),1100,32,16,7%,8%,10%,9%,13%,40,42,82,46,38,84,37,27,64,40,40,80,40,31,71,41,47,88,39,24,63,532
4860,Government,Prep-6,Major Cities,Italian,primary ,"78-98 Manningtree Rd, Hawthorn VIC 3122, Australia",ChIJg-uc_DZC1moR1cBdJEvuIBI,"Glenferrie Primary School VIC,Australia",-37.8242432,145.0337408,3122,"establishment,point_of_interest,school",Hawthorn,Glenferrie Primary School ,03 9878 9927,Whitehorse (C),1140,23,3,23%,32%,40%,42%,48%,28,23,51,39,29,68,25,18,43,27,24,51,30,18,48,23,19,42,24,20,44,347
2743,Government,Prep-6,Major Cities,Italian,primary ,"419 Tooronga Rd, Hawthorn East VIC 3123, Australia",ChIJc5-PzyFC1moRlpoKkHq1d9o,"Auburn South Primary School VIC,Australia",-37.8395225,145.0455568,3123,"establishment,point_of_interest,school",Hawthorn East,Auburn South Primary School ,03 9882 2140,Boroondara (C),1175,48,7,19%,26%,28%,36%,32%,51,46,97,60,51,111,48,55,103,54,48,102,50,51,101,41,47,88,35,30,65,667
3179,Government,Prep-6,Major Cities,Italian,primary ,"218 Roslyn Rd, Highton VIC 3216, Australia",ChIJV2bn3w4T1GoRAzKurNnH4-Q,"Highton Primary School VIC,Australia",-38.1720656,144.3172359,3216,"establishment,point_of_interest,school",Highton,Highton Primary School ,03 5243 1494,Greater Geelong (C),1101,24,7,16%,14%,9%,8%,10%,22,21,43,26,33,59,25,18,43,20,23,43,21,19,40,29,31,60,27,19,46,334
4304,Government,Prep-6,Major Cities,Italian,primary ,"178 Community Hub, Hillside VIC 3037, Australia",ChIJLfRpWsr11moRAApNikDXh14,"Parkwood Green Primary School VIC,Australia",-37.6990941,144.7446339,3037,"establishment,point_of_interest,school",Hillside,Parkwood Green Primary School ,03 9449 3600,Melton (C),1008,71,23,45%,43%,43%,42%,45%,92,76,168,72,66,138,72,71,143,75,81,156,99,78,177,90,69,159,94,81,175,1116
3585,Government,Prep-6,Major Cities,Italian,primary ,"Callistemon Dr, Hoppers Crossing VIC 3029, Australia",ChIJBxMO4RWP1moRs-o4K4I75PY,"The Grange P-12 College VIC,Australia",-37.8586824,144.6790299,3029,"establishment,point_of_interest,school,university",Hoppers Crossing,The Grange P-12 College ,03 9748 9166,Wyndham (C),965,131,59,40%,42%,46%,44%,51%,75,53.4,128.4,56.2,52,108.2,58,52,110,53,43,96,59.2,44,103.2,58,54,112,58,59,117,774.8
1434,Government,Prep-6,Major Cities,Italian,primary ,"15A Langridge St, Hoppers Crossing VIC 3029, Australia",ChIJo2my0UqP1moROaRsMgSVjak,"Mossfiel Primary School VIC,Australia",-37.8733769,144.6962482,3029,"establishment,point_of_interest,school",Hoppers Crossing,Mossfiel Primary School ,03 9749 1227,Wyndham (C),944,41,14,44%,42%,44%,42%,50%,29,25,54,40,33,73,32,36,68,28,25,53,34,30,64,36,28,64,38,39,77,453
4055,Government,Prep-6,Major Cities,Italian,primary ,"29 Carruthers Dr, Hoppers Crossing VIC 3029, Australia",ChIJ0cTvAGqP1moR7ArXoyCG7a4,"Cambridge Primary School VIC,Australia",-37.8673895,144.6756954,3029,"establishment,point_of_interest,school",Hoppers Crossing,Cambridge Primary School ,03 9748 9011,Wyndham (C),1042,64,24,45%,52%,50%,51%,56%,78,64,142,74,81,155,80,74,154,83,68,151,63,67,130,74,78,152,79,55,134,1018
5034,Government,Prep-6,Major Cities,Italian,primary ,"Brine Street, Hughesdale VIC 3166, Australia",ChIJAQfHpUxq1moRud76EntDx6w,"Hughesdale Primary School VIC,Australia",-37.9061051,145.0779385,3166,"establishment,point_of_interest,school",Hughesdale,Hughesdale Primary School ,03 9570 4808,Monash (C),1132,38,15,22%,23%,28%,36%,36%,42,36,78,42,44,86,36,46,82,42,43,85,43,34,77,34,43,77,22,32,54,539
1252,Government,Prep-6,Major Cities,Italian,primary ,"Main Rd, Hurstbridge VIC 3099, Australia",ChIJLYGAJOw01moRySSfLz2ErR0,"Hurstbridge Primary School VIC,Australia",-37.6354645,145.1981503,3099,"establishment,point_of_interest,school",Hurstbridge,Hurstbridge Primary School ,03 9718 2386,Nillumbik (S),1057,18,5,7%,6%,5%,4%,5%,13,17,30,21,16,37,21,11,32,14,18,32,24,19,43,17,30,47,20.8,20,40.8,261.8
4315,Government,Prep-6,Major Cities,Italian,primary ,"124 Waterdale Rd, Ivanhoe VIC 3079, Australia",ChIJrWEu5xtE1moRMWLL1Z8Sl-0,"Ivanhoe Primary School VIC,Australia",-37.7666928,145.0426421,3079,"establishment,point_of_interest,school",Ivanhoe,Ivanhoe Primary School ,03 9499 1880,Banyule (C),1156,44,9,32%,30%,31%,32%,35%,52.2,41,93.2,39,47,86,45,47.2,92.2,47.4,36,83.4,34,42,76,53,48,101,37.4,37,74.4,606.2
5422,Government,Prep-6,Major Cities,Italian,primary ,"35 Warncliffe Rd, Ivanhoe East VIC 3079, Australia",ChIJeU0QpaRG1moRdHF1HUbdU1g,"Ivanhoe East Primary School VIC,Australia",-37.7745967,145.059521,3079,"establishment,point_of_interest,school",Ivanhoe East,Ivanhoe East Primary School ,03 9499 2171,Banyule (C),1163,38,15,22%,18%,19%,18%,18%,36,26,62,50,39,89,33,35,68,33,38,71,51,44,95,46,38,84,43,38,81,550
5101,Government,Prep-6,Major Cities,Italian,primary ,"10 Graham Rd, Kangaroo Ground VIC 3097, Australia",ChIJYwruiqc21moREytBBt15ha8,"Kangaroo Ground Primary School VIC,Australia",-37.6907601,145.2143777,3097,"establishment,point_of_interest,school",Kangaroo Ground,Kangaroo Ground Primary School ,03 9712 0292,Nillumbik (S),1126,15,3,8%,7%,5%,5%,8%,16,11,27,15,17,32,8,8,16,11,7,18,11,12,23,12,7,19,11,10,21,156
4754,Government,Prep-6,Major Cities,Italian,primary ,"Swindon Cres, Keilor Downs VIC 3038, Australia",ChIJXZT3ST9f1moRXpdpij6D1eM,"Keilor Views Primary School VIC,Australia",-37.7171554,144.8088543,3038,"establishment,point_of_interest,school",Keilor Downs,Keilor Views Primary School ,03 9367 7466,Brimbank (C),994,33,20,58%,54%,59%,59%,61%,33,30,63,29,23,52,24,27,51,34,32,66,42,34,76,38,31,69,36,31,67,444
3146,Government,Prep-6,Major Cities,Italian,primary ,"19 Ronald Grove, Keilor East VIC 3033, Australia",ChIJfdqZqaZe1moRzJHfYv7l624,"Keilor Heights Primary School VIC,Australia",-37.7370732,144.8672774,3033,"establishment,point_of_interest,school",Keilor East,Keilor Heights Primary School ,03 9336 1739,Moonee Valley (C),1038,36,12,32%,36%,39%,39%,40%,49,30,79,35,36,71,25,45,70,47,26,73,43,38,81,37,35,72,30,37,67,513
4543,Government,Prep-6,Major Cities,Italian,primary ,"35 Kitchener St, Kew East VIC 3102, Australia",ChIJC_psjeJD1moRuV9Lplkbiv0,"Kew East Primary School VIC,Australia",-37.7962396,145.049079,3102,"establishment,point_of_interest,school",Kew East,Kew East Primary School ,03 9859 2903,Boroondara (C),1179,30,6,25%,25%,28%,28%,32%,36,33,69,30,31,61,40,38,78,35,40,75,41,31,72,26,19,45,33,38,71,471
5243,Government,Prep-6,Major Cities,Italian,primary ,"5-19 Cochrane Ave, Keysborough VIC 3173, Australia",ChIJS3boA3QT1moRJrEmH0BrvYo,"Chandler Park Primary School VIC,Australia",-37.9919531,145.1800153,3173,"establishment,point_of_interest,school",Keysborough,Chandler Park Primary School ,03 9798 2228,Greater Dandenong (C),985,32,15,74%,71%,80%,71%,81%,35,33,68,26,45,71,35,29,64,25,30,55,38,28,66,39,37,76,35,29,64,464
4770,Government,Prep-6,Major Cities,Italian,primary ,"48 Gladesville Dr, Kilsyth VIC 3137, Australia",ChIJQ9uDOFAl1moRRYpBoLfF4O8,"Gladesville Primary School VIC,Australia",-37.8117242,145.3236808,3137,"establishment,point_of_interest,school",Kilsyth,Gladesville Primary School ,03 9728 1877,Yarra Ranges (S),984,8,6,7%,7%,8%,8%,11%,11,6,17,9,3,12,9,7,16,11,4,15,11,4,15,10,5,15,9,12,21,111
4217,Government,Prep-6,Major Cities,Italian,primary ,"Kingsbury Primary School, 1A Maryborough Ave, Kingsbury VIC 3083, Australia",ChIJO6zMgvpF1moRAJq138S1uEc,"Kingsbury Primary School VIC,Australia",-37.7160831,145.0368593,3083,"establishment,point_of_interest,school",Kingsbury,Kingsbury Primary School ,03 9462 2711,Darebin (C),990,13,9,58%,62%,57%,55%,63%,16,15,31,13,16,29,11.4,14,25.4,10,11,21,15,8,23,16,10,26,11,9,20,175.4
5297,Government,Prep-6,Major Cities,Italian,primary ,"Kathryn Rd, Knoxfield VIC 3180, Australia",ChIJZ-Yavko81moRPFnvCVsw6QU,"Knox Park Primary School VIC,Australia",-37.8834526,145.2519805,3180,"establishment,point_of_interest,school",Knoxfield,Knox Park Primary School ,03 9763 6533,Knox (C),1044,22,10,10%,12%,14%,16%,15%,16,15,31,17,17,34,21,30,51,35,16,51,20,14,34,24,20,44,23,17,40,285
1003,Government,Prep-6,Major Cities,Italian,primary ,"Laura Rd, Knoxfield VIC 3180, Australia",ChIJe3hoocs91moRiGs2ViZstQg,"Carrington Primary School VIC,Australia",-37.891757,145.246467,3180,"establishment,point_of_interest,school",Knoxfield,Carrington Primary School ,03 9763 9600,Knox (C),966,8,6,25%,21%,22%,20%,23%,10,5,15,5,3,8,9,8,17,4,4,8,10,3,13,10,8.6,18.6,9,10,19,98.6
5260,Government,Prep-6,Major Cities,Italian,primary ,"235 Kingsbury Dr, Macleod VIC 3085, Australia",ChIJW5o_-g1G1moRbAqYWAofM-g,"Charles La Trobe P-12 College VIC,Australia",-37.7288696,145.0589243,3085,"establishment,point_of_interest,school",Macleod,Charles La Trobe P-12 College ,03 9223 1400,Darebin (C),938,79,65,41%,42%,42%,43%,46%,22,18,40,18,21,39,17,24,41,15,13,28,17,21,38,16,18.4,34.4,21.4,12,33.4,253.8
4212,Government,Prep-6,Major Cities,Italian,primary ,"17 Tooronga Rd, Malvern VIC 3144, Australia",ChIJO_R1CPJp1moRkBRfLwIUm50,"Malvern Primary School VIC,Australia",-37.871416,145.0384167,3144,"establishment,point_of_interest,school",Malvern,Malvern Primary School ,03 9571 6281,Stonnington (C),1185,45,5,16%,18%,21%,17%,20%,61,52,113,52,55,107,53,42,95,73,45,118,63,44,107,34,36,70,42,45,87,697
4876,Government,Prep-6,Major Cities,Italian,primary ,"Bank St, Melbourne VIC 3032, Australia",ChIJy3uQ_fpc1moReUc3oUvUR6U,"Ascot Vale Primary School VIC,Australia",-37.7746947,144.9259635,3032,"establishment,point_of_interest,school",Melbourne,Ascot Vale Primary School ,03 9370 6507,Moonee Valley (C),1118,18,9,33%,30%,31%,29%,32%,21,19,40,16,19,35,17,24,41,20,32,52,18,15,33,14,14,28,19,20,39,268
3590,Government,Prep-6,Major Cities,Italian,primary ,"Miller St, Melbourne VIC 3068, Australia",ChIJ3QgR42lD1moRAiBZNWobb9c,"Merri Creek Primary School VIC,Australia",-37.7770576,144.987818,3068,"establishment,point_of_interest,school",Melbourne,Merri Creek Primary School ,03 9481 0177,Yarra (C),1197,26,7,11%,11%,10%,13%,15%,33,32,65,36,27,63,35,35,70,32,27,59,37,31,68,28,32.6,60.6,30,28,58,443.6
4815,Government,Prep-6,Major Cities,Italian,primary ,"Civic Dr, Melbourne VIC 3088, Australia",ChIJddnnRLFJ1moR3wBEiEXPhBQ,"Apollo Parkways Primary School VIC,Australia",-37.6875952,145.1096088,3088,"establishment,point_of_interest,school",Melbourne,Apollo Parkways Primary School ,03 9433 1300,Nillumbik (S),1094,49,18,30%,26%,28%,34%,30%,56,60,116,45,66,111,51,64,115,61,64,125,43,56,99,71,61,132,62,54,116,814
5093,Government,Prep-6,Major Cities,Italian,primary ,"Buchanan Ave, Melbourne VIC 3104, Australia",ChIJN8b1iTNB1moRhUo4TCg5ODI,"Balwyn North Primary School VIC,Australia",-37.7960551,145.07664,3104,"establishment,point_of_interest,school",Melbourne,Balwyn North Primary School ,03 9859 4258,Boroondara (C),1150,31,10,66%,67%,70%,69%,76%,30,30,60,29,35,64,28,25,53,32,27,59,44,26.4,70.4,40,34,74,53,35,88,468.4
5007,Government,Prep-6,Major Cities,Italian,primary ,"Rathmines Rd, Melbourne VIC 3123, Australia",ChIJf6hIXn5B1moReagYgkE3XF0,"Auburn Primary School VIC,Australia",-37.8196025,145.0505434,3123,"establishment,point_of_interest,school",Melbourne,Auburn Primary School ,03 9882 7035,Boroondara (C),1169,38,9,22%,25%,26%,28%,28%,39,47,86,50,29,79,38,44,82,46,36,82,37,41,78,29,29,58,23,25,48,513
5453,Government,Prep-6,Major Cities,Italian,primary ,"1-7 Broome Ave, Mentone VIC 3194, Australia",ChIJmViXLVJs1moRvK27UqlV0GA,"Mentone Park Primary School VIC,Australia",-37.979852,145.0824853,3194,"establishment,point_of_interest,school",Mentone,Mentone Park Primary School ,03 9583 4935,Kingston (C),1088,21,9,19%,20%,21%,22%,22%,20,10,30,25,17,42,18,25,43,26,26,52,19,25,44,23,21,44,14,22,36,291
4893,Government,Prep-6,Major Cities,Italian,primary ,"Blamey Ave, Mill Park VIC 3082, Australia",ChIJ896F4SZJ1moRScHjiOyof_4,"Mill Park Primary School VIC,Australia",-37.6748875,145.0658047,3082,"establishment,point_of_interest,school",Mill Park,Mill Park Primary School ,03 9404 3337,Whittlesea (C),1041,35,18,34%,40%,45%,50%,53%,44,38,82,39,34,73,23,37,60,47,30,77,38.4,43,81.4,35,52,87,29,45,74,534.4
1508,Government,Prep-6,Major Cities,Italian,primary ,"Pindari Ave, Mill Park VIC 3082, Australia",ChIJK9FeYjVJ1moRj_Xj6ugFh9k,"Mill Park Heights Primary School VIC,Australia",-37.6573335,145.0507484,3082,"establishment,point_of_interest,school",Mill Park,Mill Park Heights Primary School ,03 9436 8866,Whittlesea (C),1015,70,23,56%,57%,57%,60%,58%,70,67,137,75,67,142,60,70,130,73,68,141,78,74,152,68,63,131,81,61,142,975
304,Government,Prep-6,Major Cities,Italian,primary ,"87 Wilson St, Moonee Ponds VIC 3039, Australia",ChIJjY_lIZNc1moRaPCX3_7mLKo,"Moonee Ponds Primary School VIC,Australia",-37.7630431,144.9333103,3039,"establishment,point_of_interest,school",Moonee Ponds,Moonee Ponds Primary School ,03 9375 2511,Moonee Valley (C),1130,22,9,35%,40%,38%,41%,39%,36,40,76,29,26,55,28,27,55,24.4,30,54.4,26,15,41,16,18,34,22,18,40,355.4
5480,Government,Prep-6,Major Cities,Italian,primary ,"52 Landscape Dr, Mooroolbark VIC 3138, Australia",ChIJ-3xAyjIu1moROlGPGbRvrBI,"Rolling Hills Primary School VIC,Australia",-37.767244,145.326558,3138,"establishment,point_of_interest,school",Mooroolbark,Rolling Hills Primary School ,03 9726 4454,Yarra Ranges (S),1034,24,24,1%,2%,3%,4%,4%,31.2,28,59.2,19,22,41,27,26,53,26.2,23,49.2,20,34,54,34,15,49,36,20.4,56.4,361.8
5002,Government,Prep-6,Major Cities,Italian,primary ,"25 Pembroke Rd, Mooroolbark VIC 3138, Australia",ChIJ8S7w4O4v1moRuyypf-20cxM,"Pembroke Primary School VIC,Australia",-37.7966093,145.3271592,3138,"establishment,point_of_interest,school",Mooroolbark,Pembroke Primary School ,03 9725 6689,Yarra Ranges (S),906,10,5,22%,35%,50%,62%,60%,6,4,10,7,6,13,7,7,14,5,2,7,7,8,15,13,0,13,7,6,13,85
5312,Government,Prep-6,Major Cities,Italian,primary ,"106-114 Taylor Rd, Mooroolbark VIC 3138, Australia",ChIJDSs4Kugv1moRMcZItYSYd0o,"Mooroolbark East Primary School VIC,Australia",-37.7869625,145.3351414,3138,"establishment,point_of_interest,school",Mooroolbark,Mooroolbark East Primary School ,03 9726 9422,Yarra Ranges (S),995,40,50,6%,5%,6%,8%,8%,51,41,92,51,34.4,85.4,49.2,48.4,97.6,42,32,74,40,48,88,41,45,86,41.4,38,79.4,602.4
3939,Government,Prep-6,Major Cities,Italian,primary ,"118 Hayrick Ln, Mooroolbark VIC 3138, Australia",ChIJn-tEddov1moReyICRbRpDY0,"Bimbadeen Heights Primary School VIC,Australia",-37.773971,145.321867,3138,"establishment,point_of_interest,school",Mooroolbark,Bimbadeen Heights Primary School ,03 9726 9989,Yarra Ranges (S),1025,31,10,5%,6%,7%,6%,7%,30,31,61,15,40,55,32,44,76,31,36,67,42,42,84,39,51,90,42,38,80,513
2436,Government,Prep-6,Major Cities,Italian,primary ,"23-31 Gladeswood Dr, Mulgrave VIC 3170, Australia",ChIJCX8scLwV1moRQ15UG2kqCKc,"Mulgrave Primary School VIC,Australia",-37.9326039,145.1974953,3170,"establishment,point_of_interest,school",Mulgrave,Mulgrave Primary School ,03 9795 2477,Monash (C),1056,26,7,55%,58%,56%,48%,55%,23,26,49,33,32,65,29,17,46,22,27,49,26,27,53,21,22,43,19,28,47,352
2105,Government,Prep-6,Major Cities,Italian,primary ,"72/77 Albany Dr, Mulgrave VIC 3170, Australia",ChIJhXovIBuhJwARGK4HlHiThrc,"Albany Rise Primary School VIC,Australia",-37.9282525,145.1724407,3170,"establishment,point_of_interest,school",Mulgrave,Albany Rise Primary School ,03 9547 1146,Monash (C),1013,26,13,55%,57%,51%,54%,54%,25,16,41,27,21,48,27,19,46,20,18,38,17,21,38,20,21,41,23,27,50,302
5539,Government,Prep-6,Major Cities,Italian,primary ,"38-64 Wallarano Dr, Noble Park VIC 3174, Australia",ChIJf1l4TGMT1moRx_0jvMhY9JE,"Wallarano Primary School VIC,Australia",-37.9797476,145.1702437,3174,"establishment,point_of_interest,school",Noble Park,Wallarano Primary School ,03 9798 1890,Greater Dandenong (C),972,44,37,61%,68%,69%,84%,71%,47,48,95,69,43,112,51,43,94,65,37,102,33,54,87,59,39,98,52,46,98,686
4877,Government,Prep-6,Major Cities,Italian,primary ,"77-123 Jacksons Rd, Noble Park North VIC 3174, Australia",ChIJSYZ9p00U1moRSqKtxGDyVzc,"Silverton Primary School VIC,Australia",-37.948838,145.193031,3174,"establishment,point_of_interest,school",Noble Park North,Silverton Primary School ,03 9795 5033,Greater Dandenong (C),1010,45,14,70%,64%,73%,87%,75%,50,38,88,36,42,78,42,51,93,39,37,76,32,31,63,23,27,50,36,36,72,520
3161,Government,Prep-6,Major Cities,Italian,primary ,"210 Errol St, North Melbourne VIC 3051, Australia",ChIJlWTh9i9d1moRswc-S6sPnx8,"North Melbourne Primary School VIC,Australia",-37.7985311,144.9513753,3051,"establishment,point_of_interest,school",North Melbourne,North Melbourne Primary School ,03 9329 6902,Melbourne (C),1153,53,13,50%,53%,52%,60%,57%,55,61,116,70,62,132,56,49,105,54,43,97,49,48,97,45.6,56,101.6,67,48,115,763.6
5066,Government,Prep-6,Major Cities,Italian,primary ,"33 Helen St, Northcote VIC 3070, Australia",ChIJb19uYHxD1moRt7lIpe9FGjw,"Northcote Primary School VIC,Australia",-37.771781,144.996436,3070,"establishment,point_of_interest,school",Northcote,Northcote Primary School ,03 9481 0009,Darebin (C),1160,22,8,23%,20%,22%,19%,22%,26,26,52,31,33,64,23,37,60,30,22,52,19,20,39,30,33,63,30,16,46,376
2608,Government,Prep-6,Major Cities,Italian,primary ,"81 Baden Powell Dr, Tarneit VIC 3029, Australia",ChIJn8VLeM2O1moRgfWPI74oFNs,"Baden Powell P-9 College VIC,Australia",-37.8425448,144.6951507,3029,"establishment,point_of_interest,university",Tarneit,Baden Powell P-9 College ,03 9748 8688,Wyndham (C),998,101,49,49%,56%,55%,66%,62%,74,78,152,68,64,132,79,92,171,80,60,140,66,52,118,93,81,174,91,93,184,1071
3110,Government,Prep-6,Major Cities,Italian,primary ,"40-50 Loddon Dr, Taylors Hill VIC 3037, Australia",ChIJ_4NEL6P11moRMfwNI8slFyQ,"Taylors Hill Primary School VIC,Australia",-37.7168682,144.7598647,3037,"establishment,point_of_interest,school",Taylors Hill,Taylors Hill Primary School ,03 9361 4900,Melton (C),1022,52,28,63%,60%,57%,49%,57%,62,67,129,72,57,129,58,54,112,69,66,135,66,62,128,48.2,54,102.2,47,52,99,834.2
5184,Government,Prep-6,Major Cities,Italian,primary ,"13 Tuckers Rd, Templestowe VIC 3106, Australia",ChIJ2SiuZ2k41moRUSGzqcCJBa4,"Serpell Primary School VIC,Australia",-37.7698457,145.1545889,3106,"establishment,point_of_interest,school",Templestowe,Serpell Primary School ,03 9842 8182,Manningham (C),1165,67,9,40%,52%,60%,77%,71%,70,80,150,86,82,168,78,89,167,73,90,163,81,74,155,92,64,156,76,66,142,1101
4955,Government,Prep-6,Major Cities,Italian,primary ,"High St, Templestowe Heights VIC 3107, Australia",ChIJE2ccQZlH1moRzPsqNSm3psI,"Templestowe Heights Primary School VIC,Australia",-37.766487,145.11984,3107,"establishment,point_of_interest,school",Templestowe Heights,Templestowe Heights Primary School ,03 9850 1796,Manningham (C),1098,21,10,40%,41%,38%,34%,39%,22,24,46,23,28,51,26,24,50,23,26,49,29,34.8,63.8,13.8,19,32.8,27,12,39,331.6
5160,Government,Prep-6,Major Cities,Italian,primary ,"15 Birchwood Ave, Templestowe Lower VIC 3107, Australia",ChIJuUSrnqRH1moR4leHEdAWOfk,"Templestowe Valley Primary School VIC,Australia",-37.7600504,145.1098607,3107,"establishment,point_of_interest,school",Templestowe Lower,Templestowe Valley Primary School ,03 8850 5777,Manningham (C),1087,29,18,37%,30%,25%,22%,23%,52,34,86,35.2,36,71.2,28.6,27.2,55.8,42.4,28,70.4,24,25,49,33,34,67,45,31,76,475.4
5325,Government,Prep-6,Major Cities,Italian,primary ,"Penders Grove Primary School, 370 Victoria Rd, Thornbury VIC 3071, Australia",ChIJcx4XaF1E1moRenEAnNIbt_I,"Penders Grove Primary School VIC,Australia",-37.7546113,145.0142228,3071,street_address,Thornbury,Penders Grove Primary School ,03 9484 1076,Darebin (C),1009,15,8,35%,35%,34%,38%,31%,12.2,10,22.2,17,18,35,11,12,23,17.6,9,26.6,23,16,39,15,10,25,15,16,31,201.8
3987,Government,Prep-6,Major Cities,Italian,primary ,"Wales St Primary School, 49 Wales St, Thornbury VIC 3071, Australia",ChIJG3JfC2NE1moRIyMok-2-L5Q,"Wales Street Primary School VIC,Australia",-37.7618012,145.0085537,3071,"establishment,point_of_interest,school",Thornbury,Wales Street Primary School ,03 9484 3949,Darebin (C),1146,38,15,31%,28%,28%,33%,27%,43,46,89,38,43,81,45,53,98,49,44,93,42,38,80,43,39.5,82.5,42,40,82,605.5
5055,Government,Prep-6,Major Cities,Italian,primary ,"Broadmeadows Rd, Tullamarine VIC 3043, Australia",ChIJizI279tb1moRmYbYrhsz0pY,"Tullamarine Primary School VIC,Australia",-37.7021639,144.8789719,3043,"establishment,point_of_interest,school",Tullamarine,Tullamarine Primary School ,03 9338 2826,Hume (C),997,25,13,42%,40%,35%,33%,38%,12,22,34,25,31,56,27,15,42,21.1,21,42.1,30,16,46,23,26,49,29,23,52,321.1
1402,Government,Prep-6,Major Cities,Italian,primary ,"Livingstone Rd, Vermont South VIC 3133, Australia",ChIJuY4mTR4_1moR9oqR8edh-qU,"Livingstone Primary School VIC,Australia",-37.8529156,145.1809271,3133,"establishment,point_of_interest,school",Vermont South,Livingstone Primary School ,03 9803 7673,Whitehorse (C),1121,54,12,48%,46%,54%,46%,56%,53.4,61,114.4,60,55,115,56,43,99,61,62,123,60,60,120,47,51,98,49,51,100,769.4
1401,Government,Prep-6,Major Cities,Italian,primary ,"Crestdale Rd & Birchfield Crescent, Wantirna VIC 3152, Australia",ChIJnYW8Dxw81moRf2nYbz10DVA,"Templeton Primary School VIC,Australia",-37.8608513,145.2321192,3152,"establishment,point_of_interest,school",Wantirna,Templeton Primary School ,03 9801 7450,Knox (C),1120,51,20,43%,47%,51%,50%,59%,54,52,106,49,52,101,57,46,103,50,50,100,52,56,108,54,43,97,57,46,103,718
5315,Government,Prep-6,Major Cities,Italian,primary ,"80 Argyle Way, Wantirna South VIC 3152, Australia",ChIJ0xXfA9U91moR8b4WxwH3yuo,"Knox Gardens Primary School VIC,Australia",-37.882417,145.228671,3152,"establishment,point_of_interest,school",Wantirna South,Knox Gardens Primary School ,03 9800 2320,Knox (C),1089,18,9,36%,41%,38%,44%,49%,24,23,47,26,25,51,15,12,27,23,25,48,11,19,30,15,16,31,23,21,44,278
5508,Government,Prep-6,Major Cities,Italian,primary ,"36-42 Drysdale Rd, Warrandyte VIC 3113, Australia",ChIJtflJP0E31moRsmcobOxofqQ,"Andersons Creek Primary School VIC,Australia",-37.7489815,145.2079029,3113,"establishment,point_of_interest,school",Warrandyte,Andersons Creek Primary School ,03 9844 2757,Manningham (C),1104,23,9,4%,5%,5%,5%,5%,26,18,44,33,21,54,14,26,40,31,35,66,18,23,41,18,24,42,21,31,52,339
5004,Government,Prep-6,Major Cities,Italian,primary ,"240 Nell St, Watsonia VIC 3087, Australia",ChIJWejAT4xI1moRMX0dYSs8mnw,"Watsonia Primary School VIC,Australia",-37.7068969,145.0868998,3087,"establishment,point_of_interest,school",Watsonia,Watsonia Primary School ,03 9435 2917,Banyule (C),1004,12,2,21%,21%,18%,22%,19%,2,7,9,7,13,20,9,7,16,7,10,17,11,8,19,14,8,22,15,8,23,126
3806,Government,Prep-6,Major Cities,Italian,primary ,"Greaves St, Werribee VIC 3030, Australia",ChIJrdwDfQ6F1moRKall-HmAvrw,"Manorvale Primary School VIC,Australia",-37.8935977,144.6441521,3030,"establishment,point_of_interest,school",Werribee,Manorvale Primary School ,03 9741 6300,Wyndham (C),934,25,10,20%,29%,36%,34%,37%,23,20,43,23,28,51,23,17,40,20,28,48,19,14,33,14,19,33,22,15,37,285
4852,Government,Prep-6,Major Cities,Italian,primary ,"17 Argyle St, West Footscray VIC 3012, Australia",ChIJxz9-uP1d1moRoRab0SsZLoQ,"Footscray West Primary School VIC,Australia",-37.794914,144.876049,3012,"establishment,point_of_interest,school",West Footscray,Footscray West Primary School ,03 9687 1535,Maribyrnong (C),1090,37,12,42%,40%,38%,37%,36%,50,39,89,58,37,95,57,48,105,40,41,81,49,38,87,41,41,82,44,39,83,622
5104,Government,Prep-6,Major Cities,Italian,primary ,"34-46 Riddell St, Westmeadows VIC 3049, Australia",ChIJbcxKlD1a1moRo4TcT4z1MGw,"Westmeadows Primary School VIC,Australia",-37.676201,144.896059,3049,"establishment,point_of_interest,school",Westmeadows,Westmeadows Primary School ,03 9309 4350,Hume (C),995,27,14,22%,23%,24%,23%,22%,33,31,64,43,26,69,35,36,71,35,25,60,33,36,69,34,29,63,22,39,61,457
4838,Government,Prep-6,Major Cities,Italian,primary ,"134-148 Whites Ln, Wheelers Hill VIC 3150, Australia",ChIJpTVgZNQ_1moRTwaGe8WQnGI,"Wheelers Hill Primary School VIC,Australia",-37.9003968,145.1780801,3150,"establishment,point_of_interest,school",Wheelers Hill,Wheelers Hill Primary School ,03 9561 3457,Monash (C),1151,35,9,61%,66%,59%,62%,68%,40,42,82,37,36,73,38,42,80,31,36,67,34,35,69,33,37,70,34,36,70,511
5091,Government,Prep-6,Major Cities,Italian,primary ,"Petronella Ave, Wheelers Hill VIC 3150, Australia",ChIJ-XLoxiU-1moRBkbjiuBYlMY,"Jells Park Primary School VIC,Australia",-37.9024854,145.193024,3150,"establishment,point_of_interest,school",Wheelers Hill,Jells Park Primary School ,03 9560 6494,Monash (C),1126,34,14,25%,33%,35%,39%,41%,37,29,66,37.4,22,59.4,40,52,92,34,41,75,39,39,78,32.4,26,58.4,50,27,77,505.8
3890,Government,Prep-6,Major Cities,Italian,primary ,"1-5 Ninevah Cres, Wheelers Hill VIC 3150, Australia",ChIJqSbW3HoV1moRG4UZFeg0s5c,"Brandon Park Primary School VIC,Australia",-37.9131546,145.1731144,3150,"establishment,point_of_interest,school",Wheelers Hill,Brandon Park Primary School ,03 9560 4423,Monash (C),1104,29,5,37%,47%,52%,71%,69%,50,40,90,43,39,82,36,19.2,55.2,19,23,42,22,21,43,18,23,41,15,18,33,386.2
982,Government,Prep-6,Major Cities,Italian,primary ,"115 Cecil St, Williamstown VIC 3016, Australia",ChIJGXSlcOtm1moRdoPjw1FzaQE,"Williamstown Primary School VIC,Australia",-37.8640681,144.8997894,3016,"establishment,point_of_interest,school",Williamstown,Williamstown Primary School ,03 9397 1248,Hobsons Bay (C),1134,29,12,12%,12%,11%,11%,14%,30,35,65,46,35,81,31,30,61,50,38,88,42,36,78,45,45,90,37,30,67,530
1183,Government,Prep-6,Major Cities,Italian,primary ,"234 Yallambie Rd, Yallambie VIC 3085, Australia",ChIJT-n1VYdI1moR1Qr1xldcxvg,"Streeton Primary School VIC,Australia",-37.721649,145.10148,3085,"establishment,point_of_interest,school",Yallambie,Streeton Primary School ,03 9435 6070,Banyule (C),1048,13,7,20%,18%,12%,14%,16%,16,9,25,19,16,35,8,13,21,12,10,22,8,11,19,14,12,26,17,11,28,176
5438,Government,Prep-6,Major Cities,Italian,primary ,"540 Yan Yean Rd, Yarrambat VIC 3091, Australia",ChIJZzG4bHRK1moR1un6ymBfo-E,"Yarrambat Primary School VIC,Australia",-37.6409104,145.1333771,3091,"establishment,point_of_interest,school",Yarrambat,Yarrambat Primary School ,03 9436 1464,Nillumbik (S),1052,42,11,2%,3%,4%,4%,5%,54,53.2,107.2,44,40,84,50,41,91,36,50,86,36,43.6,79.6,35,37,72,45,30,75,594.8
2054,Government,Prep-6,Major Cities,Italian,primary ,"30 Powell St, Yarraville VIC 3013, Australia",ChIJoTbB70Vn1moRqa04mVvlKIk,"Yarraville West Primary School VIC,Australia",-37.8148373,144.8851424,3013,"establishment,point_of_interest,school",Yarraville,Yarraville West Primary School ,03 9314 3816,Maribyrnong (C),1137,58,15,18%,21%,21%,25%,22%,65,55,120,55,72,127,68,59,127,62,57,119,70,79,149,55,45,100,49,36,85,827
2832,Government,Prep-6,Major Cities,Italian,primary ,"58 Bishop St, Yarraville VIC 3013, Australia",ChIJhTdV5kxn1moRacAHbtRwzi8,"Kingsville Primary School VIC,Australia",-37.8123913,144.8741534,3013,"establishment,point_of_interest,school",Yarraville,Kingsville Primary School ,03 9314 5869,Maribyrnong (C),1110,38,7,14%,11%,10%,10%,12%,48,39,87,48,55,103,42,54,96,50,53,103,43,40,83,45,30,75,59,41,100,647
5232,Government,Prep-6,Major Cities,Hindi,primary ,"14/36 Lesdon Ave, Cranbourne VIC 3977, Australia",ChIJkQko4dUP1moRsMo5WVKUdB4,"Rangebank Primary School VIC,Australia",-38.0873496,145.2756421,3977,"establishment,point_of_interest,school",Cranbourne ,Rangebank Primary School ,03 5996 8900,Casey,995,27,14,0.22,0.2254,0.24,0.2254,0.22,33,31,64,43,26,69,35,36,71,35,25,60,33,36,69,34,29,63,22,39,61,457
